{"0": {"entropy": [5.482746601104736], "kti": [1.0], "rank": [30.244861602783203, 30.244861602783203], "dist": [8.332422256469727]}, "1": {"entropy": [5.476588726043701], "kti": [1.0], "rank": [18.60459327697754, 18.60459327697754], "dist": [8.338157653808594]}, "2": {"entropy": [5.5346574783325195], "kti": [1.0], "rank": [11.760873794555664, 11.760873794555664], "dist": [8.334352493286133]}, "3": {"entropy": [5.539818286895752], "kti": [1.0], "rank": [8.294395446777344, 8.294395446777344], "dist": [8.333366394042969]}, "4": {"entropy": [5.544387340545654], "kti": [1.0], "rank": [6.534902572631836, 6.534902572631836], "dist": [8.333788871765137]}, "5": {"entropy": [5.547628402709961], "kti": [1.0], "rank": [5.4531450271606445, 5.4531450271606445], "dist": [8.322174072265625]}}