{"0": {"entropy": [3.186882257461548], "kti": [1.0], "rank": [179.72959899902344, 179.72959899902344], "dist": [4.203278541564941]}, "1": {"entropy": [3.2056808471679688], "kti": [1.0], "rank": [177.4226837158203, 177.4226837158203], "dist": [4.218512535095215]}, "2": {"entropy": [3.1612625122070312], "kti": [1.0], "rank": [175.41737365722656, 175.41737365722656], "dist": [4.204797267913818]}, "3": {"entropy": [3.164191722869873], "kti": [1.0], "rank": [173.7852325439453, 173.7852325439453], "dist": [4.202116966247559]}, "4": {"entropy": [3.178349256515503], "kti": [1.0], "rank": [172.18971252441406, 172.18971252441406], "dist": [4.1931257247924805]}, "5": {"entropy": [3.186506748199463], "kti": [1.0], "rank": [170.9861297607422, 170.9861297607422], "dist": [4.210337162017822]}, "6": {"entropy": [3.165844202041626], "kti": [1.0], "rank": [169.42495727539062, 169.42495727539062], "dist": [4.200871467590332]}, "7": {"entropy": [3.139455556869507], "kti": [1.0], "rank": [168.24432373046875, 168.24432373046875], "dist": [4.2128586769104]}, "8": {"entropy": [3.240020751953125], "kti": [1.0], "rank": [167.6097412109375, 167.6097412109375], "dist": [4.232265472412109]}, "9": {"entropy": [3.156862258911133], "kti": [1.0], "rank": [166.6586456298828, 166.6586456298828], "dist": [4.207551002502441]}, "10": {"entropy": [3.191210985183716], "kti": [1.0], "rank": [165.7715301513672, 165.7715301513672], "dist": [4.2246575355529785]}, "11": {"entropy": [3.2310314178466797], "kti": [1.0], "rank": [165.25277709960938, 165.25277709960938], "dist": [4.228652477264404]}}