Dataset,MPJPE,FPS
3DPW,739.267110824585,85.9640423563137
