{"0": {"entropy": [5.491804599761963], "kti": [0.0007803876069374382], "rank": [87.57019805908203, 87.57019805908203], "dist": [8.32523250579834]}, "1": {"entropy": [5.48524808883667], "kti": [0.0007866245578043163], "rank": [91.3831787109375, 91.3831787109375], "dist": [8.344171524047852]}, "2": {"entropy": [5.489987850189209], "kti": [0.0008054622448980808], "rank": [92.69044494628906, 92.69044494628906], "dist": [8.32780647277832]}, "3": {"entropy": [5.492519378662109], "kti": [0.0007890313863754272], "rank": [92.49842071533203, 92.49842071533203], "dist": [8.337715148925781]}, "4": {"entropy": [5.498933792114258], "kti": [0.0007950917351990938], "rank": [92.5090103149414, 92.5090103149414], "dist": [8.330114364624023]}, "5": {"entropy": [5.495731353759766], "kti": [0.0007843398489058018], "rank": [92.51506042480469, 92.51506042480469], "dist": [8.32876205444336]}, "6": {"entropy": [5.505815505981445], "kti": [0.0007930209394544363], "rank": [92.51585388183594, 92.51585388183594], "dist": [8.314966201782227]}, "7": {"entropy": [5.507845878601074], "kti": [0.0007966088596731424], "rank": [92.31798553466797, 92.31798553466797], "dist": [8.319236755371094]}, "8": {"entropy": [5.506851673126221], "kti": [0.0007558229262940586], "rank": [92.0459976196289, 92.0459976196289], "dist": [8.340185165405273]}, "9": {"entropy": [5.511578559875488], "kti": [0.0008116685203276575], "rank": [91.43177795410156, 91.43177795410156], "dist": [8.324758529663086]}, "10": {"entropy": [5.513947486877441], "kti": [0.0008000810048542917], "rank": [91.05547332763672, 91.05547332763672], "dist": [8.318330764770508]}, "11": {"entropy": [5.518100261688232], "kti": [0.0008337913895957172], "rank": [91.03047180175781, 91.03047180175781], "dist": [8.308585166931152]}, "12": {"entropy": [5.513733386993408], "kti": [0.0007779371226206422], "rank": [90.2318344116211, 90.2318344116211], "dist": [8.336090087890625]}, "13": {"entropy": [5.5184197425842285], "kti": [0.0007943640812300146], "rank": [89.0620346069336, 89.0620346069336], "dist": [8.32046127319336]}, "14": {"entropy": [5.518631935119629], "kti": [0.0008081572013907135], "rank": [88.53812408447266, 88.53812408447266], "dist": [8.320261001586914]}, "15": {"entropy": [5.517652988433838], "kti": [0.0007809262024238706], "rank": [88.35748291015625, 88.35748291015625], "dist": [8.33044147491455]}, "16": {"entropy": [5.5140910148620605], "kti": [0.0007999017834663391], "rank": [87.82725524902344, 87.82725524902344], "dist": [8.321710586547852]}, "17": {"entropy": [5.5193190574646], "kti": [0.0007485180394724011], "rank": [87.3069839477539, 87.3069839477539], "dist": [8.340195655822754]}, "18": {"entropy": [5.518313407897949], "kti": [0.0008054963545873761], "rank": [86.62210083007812, 86.62210083007812], "dist": [8.327516555786133]}, "19": {"entropy": [5.515624046325684], "kti": [0.0007730816141702235], "rank": [86.49832153320312, 86.49832153320312], "dist": [8.333849906921387]}, "20": {"entropy": [5.5099005699157715], "kti": [0.0007651622290723026], "rank": [86.19417572021484, 86.19417572021484], "dist": [8.332584381103516]}, "21": {"entropy": [5.510526657104492], "kti": [0.000776881817728281], "rank": [85.8017349243164, 85.8017349243164], "dist": [8.33454418182373]}, "22": {"entropy": [5.515180587768555], "kti": [0.0007648842292837799], "rank": [85.5599136352539, 85.5599136352539], "dist": [8.341379165649414]}, "23": {"entropy": [5.515869140625], "kti": [0.000800392939709127], "rank": [85.43402099609375, 85.43402099609375], "dist": [8.332155227661133]}}