{"0": {"entropy": [5.489892482757568], "kti": [1.0], "rank": [38.94196319580078, 38.94196319580078], "dist": [8.32264232635498]}, "1": {"entropy": [5.502188682556152], "kti": [1.0], "rank": [44.665435791015625, 44.665435791015625], "dist": [8.325872421264648]}, "2": {"entropy": [5.508645057678223], "kti": [1.0], "rank": [47.416107177734375, 47.416107177734375], "dist": [8.329917907714844]}, "3": {"entropy": [5.509162425994873], "kti": [1.0], "rank": [48.9887580871582, 48.9887580871582], "dist": [8.335119247436523]}, "4": {"entropy": [5.50972843170166], "kti": [1.0], "rank": [50.26103210449219, 50.26103210449219], "dist": [8.325912475585938]}, "5": {"entropy": [5.510688304901123], "kti": [1.0], "rank": [50.435791015625, 50.435791015625], "dist": [8.321800231933594]}}