{"0": {"entropy": [0.6744481921195984], "kti": [1.0], "rank": [35.592857360839844, 35.592857360839844], "dist": [0.0]}, "1": {"entropy": [0.6902166604995728], "kti": [1.0], "rank": [23.181255340576172, 23.181255340576172], "dist": [0.0]}, "2": {"entropy": [0.7050538063049316], "kti": [1.0], "rank": [14.727420806884766, 14.727420806884766], "dist": [0.0]}, "3": {"entropy": [0.7085379362106323], "kti": [1.0], "rank": [10.29503059387207, 10.29503059387207], "dist": [0.0]}, "4": {"entropy": [0.7098121643066406], "kti": [1.0], "rank": [8.02214241027832, 8.02214241027832], "dist": [0.0]}, "5": {"entropy": [0.7114488482475281], "kti": [1.0], "rank": [6.622103691101074, 6.622103691101074], "dist": [0.0]}}