Group,MPJPE,PA-MPJPE
T2-Static-Mid,85.60868862967885,56.80400070476143
T2-KTI-Adaptive,85.76134050711097,57.14879971605849
Control,87.78867370367017,58.73177858860446
T2-Static-Late,87.68882703006427,57.69217068155131
T2-A-H-Baseline,84.69502731816259,56.62043669473852
T2-A-S-Baseline,85.57951307725054,57.86181528316188
