{
    "0": {
        "entropy": {
            "mean": 4.581451892852783,
            "std": 0.06406648457050323
        },
        "kti": {
            "mean": 0.0008923386099468189,
            "std": 0.0004598512517034549
        },
        "erank": {
            "mean": 99.20151977539062,
            "std": 11.627941549072567
        },
        "dist": {
            "mean": 6.975161552429199,
            "std": 0.060961223530156136
        }
    },
    "1": {
        "entropy": {
            "mean": 4.326882839202881,
            "std": 0.11031371355056763
        },
        "kti": {
            "mean": 0.003038673255650792,
            "std": 0.001337391282480781
        },
        "erank": {
            "mean": 141.12102289199828,
            "std": 6.5695175484401025
        },
        "dist": {
            "mean": 6.151239585876465,
            "std": 0.14205270975548623
        }
    },
    "2": {
        "entropy": {
            "mean": 3.6779065132141113,
            "std": 0.018975721672177315
        },
        "kti": {
            "mean": 0.0016867494419784634,
            "std": 0.0006899633251050017
        },
        "erank": {
            "mean": 117.80895376205444,
            "std": 6.21855247630505
        },
        "dist": {
            "mean": 5.22222318649292,
            "std": 0.07552435078730876
        }
    },
    "3": {
        "entropy": {
            "mean": 3.4322400093078613,
            "std": 0.005959566682577133
        },
        "kti": {
            "mean": 0.002204083700598858,
            "std": 0.0009651760452926253
        },
        "erank": {
            "mean": 122.272536277771,
            "std": 3.6135263427043585
        },
        "dist": {
            "mean": 4.524024486541748,
            "std": 0.09090217039012526
        }
    },
    "4": {
        "entropy": {
            "mean": 3.854444980621338,
            "std": 0.017396239563822746
        },
        "kti": {
            "mean": 0.0022507921830765554,
            "std": 0.0010301762098271008
        },
        "erank": {
            "mean": 140.68624019622803,
            "std": 1.385495857464824
        },
        "dist": {
            "mean": 4.965986919403076,
            "std": 0.10396471046370266
        }
    },
    "5": {
        "entropy": {
            "mean": 3.0896668434143066,
            "std": 0.013765179552137852
        },
        "kti": {
            "mean": 0.003469038460025331,
            "std": 0.0016754745202108338
        },
        "erank": {
            "mean": 133.45382347106934,
            "std": 0.532762781740193
        },
        "dist": {
            "mean": 4.319928169250488,
            "std": 0.07834130365895944
        }
    },
    "6": {
        "entropy": {
            "mean": 2.933790922164917,
            "std": 0.012584767304360867
        },
        "kti": {
            "mean": 0.004439585006184643,
            "std": 0.001933790664249576
        },
        "erank": {
            "mean": 107.78999395370484,
            "std": 0.16016767077848185
        },
        "dist": {
            "mean": 3.9890185832977294,
            "std": 0.09194998610654208
        }
    },
    "7": {
        "entropy": {
            "mean": 2.738440990447998,
            "std": 0.04252379387617111
        },
        "kti": {
            "mean": 0.005700518021330936,
            "std": 0.002439083225
        },
        "erank": {
            "mean": 126.2578797340393,
            "std": 0.3537210276858681
        },
        "dist": {
            "mean": 3.091298294067383,
            "std": 0.1050649675604222
        }
    },
    "8": {
        "entropy": {
            "mean": 2.06056547164917,
            "std": 0.003082267940044403
        },
        "kti": {
            "mean": 0.0061836106819100674,
            "std": 0.0026866302306903394
        },
        "erank": {
            "mean": 133.6763418197632,
            "std": 0.6867801769622558
        },
        "dist": {
            "mean": 1.4918967008590698,
            "std": 0.009146389159690141
        }
    },
    "9": {
        "entropy": {
            "mean": 2.0288116931915283,
            "std": 0.009565041400492191
        },
        "kti": {
            "mean": 0.0033123728833743373,
            "std": 0.0014677959379502672
        },
        "erank": {
            "mean": 118.25573339462281,
            "std": 1.1564473108606055
        },
        "dist": {
            "mean": 1.5701614379882813,
            "std": 0.01991618515983771
        }
    },
    "10": {
        "entropy": {
            "mean": 1.7650731801986694,
            "std": 0.007414883468300104
        },
        "kti": {
            "mean": 0.005923511308355956,
            "std": 0.002638418064992121
        },
        "erank": {
            "mean": 121.26660099029542,
            "std": 1.8262771937684654
        },
        "dist": {
            "mean": 1.372078275680542,
            "std": 0.030195185819116434
        }
    },
    "11": {
        "entropy": {
            "mean": 2.202772617340088,
            "std": 0.026491306722164154
        },
        "kti": {
            "mean": 0.004831724001996917,
            "std": 0.002298247674459192
        },
        "erank": {
            "mean": 146.378635597229,
            "std": 1.486163892378553
        },
        "dist": {
            "mean": 1.5033468008041382,
            "std": 0.0035010565666308315
        }
    },
    "12": {
        "entropy": {
            "mean": 2.249232769012451,
            "std": 0.034862782806158066
        },
        "kti": {
            "mean": 0.004733431900240248,
            "std": 0.002081070141080975
        },
        "erank": {
            "mean": 141.87767791748047,
            "std": 1.5525583334916901
        },
        "dist": {
            "mean": 1.601579213142395,
            "std": 0.003910742656880159
        }
    },
    "13": {
        "entropy": {
            "mean": 2.4509317874908447,
            "std": 0.024399949237704277
        },
        "kti": {
            "mean": 0.0035004763147298947,
            "std": 0.0016984948433756224
        },
        "erank": {
            "mean": 145.22639808654785,
            "std": 1.2829734470346679
        },
        "dist": {
            "mean": 1.7149733304977417,
            "std": 0.0076135794580104495
        }
    },
    "14": {
        "entropy": {
            "mean": 2.4909071922302246,
            "std": 0.025917453691363335
        },
        "kti": {
            "mean": 0.0031167709294095403,
            "std": 0.0015084410603919058
        },
        "erank": {
            "mean": 144.055814743042,
            "std": 1.3686485890243592
        },
        "dist": {
            "mean": 1.7621986389160156,
            "std": 0.0047767465278449215
        }
    },
    "15": {
        "entropy": {
            "mean": 2.4334826469421387,
            "std": 0.03151882439851761
        },
        "kti": {
            "mean": 0.003069456326556974,
            "std": 0.0015152431096281682
        },
        "erank": {
            "mean": 137.7607749938965,
            "std": 1.6364108966666489
        },
        "dist": {
            "mean": 1.7623632192611693,
            "std": 0.009898548147725597
        }
    },
    "16": {
        "entropy": {
            "mean": 2.5294315814971924,
            "std": 0.03218807280063629
        },
        "kti": {
            "mean": 0.002799892106304469,
            "std": 0.0014190176324137913
        },
        "erank": {
            "mean": 144.96794738769532,
            "std": 1.1679699593704211
        },
        "dist": {
            "mean": 1.8138371229171752,
            "std": 0.006929581544321862
        }
    },
    "17": {
        "entropy": {
            "mean": 2.4329936504364014,
            "std": 0.0305146686732769
        },
        "kti": {
            "mean": 0.002956002731298213,
            "std": 0.0014350383231302966
        },