{
    "0": {
        "entropy": {
            "mean": 4.581451892852783,
            "std": 0.06406648457050323
        },
        "kti": {
            "mean": 0.0008923386099468189,
            "std": 0.0004598512517034549
        },
        "erank": {
            "mean": 99.20151977539062,
            "std": 11.627941549072567
        },
        "dist": {
            "mean": 6.975161552429199,
            "std": 0.060961223530156136
        }
    },
    "1": {
        "entropy": {
            "mean": 4.326882839202881,
            "std": 0.11031371355056763
        },
        "kti": {
            "mean": 0.003038673255650792,
            "std": 0.001337391282480781
        },
        "erank": {
            "mean": 141.12102289199828,
            "std": 6.5695175484401025
        },
        "dist": {
            "mean": 6.151239585876465,
            "std": 0.14205270975548623
        }
    },
    "2": {
        "entropy": {
            "mean": 3.6779065132141113,
            "std": 0.018975721672177315
        },
        "kti": {
            "mean": 0.0016867494419784634,
            "std": 0.0006899633251050017
        },
        "erank": {
            "mean": 117.80895376205444,
            "std": 6.21855247630505
        },
        "dist": {
            "mean": 5.22222318649292,
            "std": 0.07552435078730876
        }
    },
    "3": {
        "entropy": {
            "mean": 3.4322400093078613,
            "std": 0.005959566682577133
        },
        "kti": {
            "mean": 0.002204083700598858,
            "std": 0.0009651760452926253
        },
        "erank": {
            "mean": 122.272536277771,
            "std": 3.6135263427043585
        },
        "dist": {
            "mean": 4.524024486541748,
            "std": 0.09090217039012526
        }
    },
    "4": {
        "entropy": {
            "mean": 3.854444980621338,
            "std": 0.017396239563822746
        },
        "kti": {
            "mean": 0.0022507921830765554,
            "std": 0.0010301762098271008
        },
        "erank": {
            "mean": 140.68624019622803,
            "std": 1.385495857464824
        },
        "dist": {
            "mean": 4.965986919403076,
            "std": 0.10396471046370266
        }
    },
    "5": {
        "entropy": {
            "mean": 3.0896668434143066,
            "std": 0.013765179552137852
        },
        "kti": {
            "mean": 0.003469038460025331,
            "std": 0.0016754745202108338
        },
        "erank": {
            "mean": 133.45382347106934,
            "std": 0.532762781740193
        },
        "dist": {
            "mean": 4.319928169250488,
            "std": 0.07834130365895944
        }
    },
    "6": {
        "entropy": {
            "mean": 2.933790922164917,
            "std": 0.012584767304360867
        },
        "kti": {
            "mean": 0.004439585006184643,
            "std": 0.001933790664249576
        },
        "erank": {
            "mean": 107.78999395370484,
            "std": 0.16016767077848185
        },
        "dist": {
            "mean": 3.9890185832977294,
            "std": 0.09194998610654208
        }
    },
    "7": {
        "entropy": {
            "mean": 2.738440990447998,
            "std": 0.04252379387617111
        },
        "kti": {
            "mean": 0.005700518021330936,
            "std": 0.002439083225
        },
        "erank": {
            "mean": 126.2578797340393,
            "std": 0.3537210276858681
        },
        "dist": {
            "mean": 3.091298294067383,
            "std": 0.1050649675604222
        }
    },
    "8": {
        "entropy": {
            "mean": 3.187451124191284,
            "std": 0.020869018509984016
        },
        "kti": {
            "mean": 0.004856320483668242,
            "std": 0.002123087046918095
        },
        "erank": {
            "mean": 133.6763418197632,
            "std": 0.6867801769622558
        },
        "dist": {
            "mean": 3.813470649719238,
            "std": 0.1010510566139972
        }
    },
    "9": {
        "entropy": {
            "mean": 3.067711114883423,
            "std": 0.045557353645563126
        },
        "kti": {
            "mean": 0.001903544655033329,
            "std": 0.0009046976220991509
        },
        "erank": {
            "mean": 115.99245529174804,
            "std": 1.0425310023730072
        },
        "dist": {
            "mean": 3.8186607360839844,
            "std": 0.12843068852561046
        }
    },
    "10": {
        "entropy": {
            "mean": 2.6135289669036865,
            "std": 0.009534916840493679
        },
        "kti": {
            "mean": 0.004576679000456352,
            "std": 0.0019586399281380984
        },
        "erank": {
            "mean": 117.67085285186768,
            "std": 1.7429227880869325
        },
        "dist": {
            "mean": 3.3872360706329347,
            "std": 0.06454503871300914
        }
    },
    "11": {
        "entropy": {
            "mean": 3.431493043899536,
            "std": 0.005730468779802322
        },
        "kti": {
            "mean": 0.002630395355663495,
            "std": 0.0012566468739401877
        },
        "erank": {
            "mean": 142.63566627502442,
            "std": 1.4539326151877552
        },
        "dist": {
            "mean": 4.568466091156006,
            "std": 0.12367234529211385
        }
    },
    "12": {
        "entropy": {
            "mean": 3.4623095989227295,
            "std": 0.026302114129066467
        },
        "kti": {
            "mean": 0.0029942955719889142,
            "std": 0.0012550715310613977
        },
        "erank": {
            "mean": 137.02632007598876,
            "std": 1.4756013757412343
        },
        "dist": {
            "mean": 4.6390057563781735,
            "std": 0.10812146395565043
        }
    },
    "13": {
        "entropy": {
            "mean": 3.7060961723327637,
            "std": 0.01750384271144867
        },
        "kti": {
            "mean": 0.0015150436582189286,
            "std": 0.0006718830243662182
        },
        "erank": {
            "mean": 138.48972873687745,
            "std": 1.237366167015574
        },
        "dist": {
            "mean": 5.366641712188721,
            "std": 0.08429686108538792
        }
    },
    "14": {
        "entropy": {
            "mean": 3.778179883956909,
            "std": 0.00914856232702732
        },
        "kti": {
            "mean": 0.0013496717236193944,
            "std": 0.0006958871162974281
        },
        "erank": {
            "mean": 135.9706377029419,
            "std": 0.8506321240650414
        },
        "dist": {
            "mean": 5.4952880859375,
            "std": 0.09191285851924373
        }
    },
    "15": {
        "entropy": {
            "mean": 3.6088268756866455,
            "std": 0.009354287758469582
        },
        "kti": {
            "mean": 0.0011453061853899272,
            "std": 0.0005457721367245793
        },
        "erank": {
            "mean": 128.5655143737793,
            "std": 1.05366785193596
        },
        "dist": {
            "mean": 5.52468957901001,
            "std": 0.1509648324650466
        }
    },
    "16": {
        "entropy": {
            "mean": 2.5076537132263184,
            "std": 0.03382665663957596
        },
        "kti": {
            "mean": 0.002811399906750012,
            "std": 0.0013394124164615097
        },
        "erank": {
            "mean": 134.59997062683107,
            "std": 0.7453971753816692
        },
        "dist": {
            "mean": 1.8093997955322265,
            "std": 0.00783438547753775
        }
    },
    "17": {
        "entropy": {
            "mean": 2.4350860118865967,
            "std": 0.010887021198868752
        },
        "kti": {
            "mean": 0.0027834384414745727,
            "std": 0.0013172294090612812
        },