{
    "mcs": 0.7940133053064347,
    "disc_realism": 0.4850635215640068,
    "kinematic_feasibility": 0.9999697417020798,
    "temporal_smoothness": 1.0
}