{"0": {"entropy": [5.236546993255615], "kti": [1.0], "rank": [180.829833984375, 180.829833984375], "dist": [7.281940937042236]}, "1": {"entropy": [5.23793888092041], "kti": [1.0], "rank": [178.4412384033203, 178.4412384033203], "dist": [7.281621932983398]}, "2": {"entropy": [5.239081382751465], "kti": [1.0], "rank": [176.87844848632812, 176.87844848632812], "dist": [7.284811496734619]}, "3": {"entropy": [5.240441799163818], "kti": [1.0], "rank": [175.39537048339844, 175.39537048339844], "dist": [7.284680366516113]}, "4": {"entropy": [5.242180347442627], "kti": [1.0], "rank": [174.06246948242188, 174.06246948242188], "dist": [7.275185585021973]}, "5": {"entropy": [5.2430596351623535], "kti": [1.0], "rank": [172.94393920898438, 172.94393920898438], "dist": [7.280768394470215]}, "6": {"entropy": [5.243173122406006], "kti": [1.0], "rank": [171.85781860351562, 171.85781860351562], "dist": [7.279504299163818]}, "7": {"entropy": [5.243582248687744], "kti": [1.0], "rank": [170.69482421875, 170.69482421875], "dist": [7.283807277679443]}, "8": {"entropy": [5.243739128112793], "kti": [1.0], "rank": [169.6339874267578, 169.6339874267578], "dist": [7.278408050537109]}, "9": {"entropy": [5.245794773101807], "kti": [1.0], "rank": [168.63426208496094, 168.63426208496094], "dist": [7.280298233032227]}, "10": {"entropy": [5.246660232543945], "kti": [1.0], "rank": [167.81903076171875, 167.81903076171875], "dist": [7.280550479888916]}, "11": {"entropy": [5.248048782348633], "kti": [1.0], "rank": [167.38833618164062, 167.38833618164062], "dist": [7.280852794647217]}}