Group,Occlusion,MPJPE,PA-MPJPE
T2-KTI-Adaptive,0.1,86.28690411593064,57.49004186066073
Control,0.1,88.20420997519737,58.98246056023541
Control,0.3,92.3579578921138,61.534956527585365
Control,0.2,89.53617911394525,59.79988594605656
T2-KTI-Adaptive,0.2,88.15831976676682,58.63428723629169
T2-KTI-Adaptive,0.3,91.88592608576845,61.02894913524234
T2-A-H-Baseline,0.3,91.48119568511262,60.68548555407711
