{"0": {"entropy": [4.807604789733887], "kti": [1.0], "rank": [134.25367736816406, 134.25367736816406], "dist": [61.19390869140625]}, "1": {"entropy": [4.554841995239258], "kti": [1.0], "rank": [132.53079223632812, 132.53079223632812], "dist": [54.098297119140625]}, "2": {"entropy": [4.342380046844482], "kti": [1.0], "rank": [123.40618896484375, 123.40618896484375], "dist": [50.35859298706055]}, "3": {"entropy": [4.234743595123291], "kti": [1.0], "rank": [127.29486083984375, 127.29486083984375], "dist": [47.203773498535156]}, "4": {"entropy": [4.561448574066162], "kti": [1.0], "rank": [125.06947326660156, 125.06947326660156], "dist": [50.95624542236328]}, "5": {"entropy": [3.532381534576416], "kti": [1.0], "rank": [119.33615112304688, 119.33615112304688], "dist": [41.434417724609375]}, "6": {"entropy": [3.245337963104248], "kti": [1.0], "rank": [112.93193054199219, 112.93193054199219], "dist": [39.50247573852539]}, "7": {"entropy": [3.199235439300537], "kti": [1.0], "rank": [109.84596252441406, 109.84596252441406], "dist": [34.6923828125]}, "8": {"entropy": [3.4964799880981445], "kti": [1.0], "rank": [109.41824340820312, 109.41824340820312], "dist": [42.78407287597656]}, "9": {"entropy": [3.4919509887695312], "kti": [1.0], "rank": [111.44615173339844, 111.44615173339844], "dist": [39.7734489440918]}, "10": {"entropy": [2.912107467651367], "kti": [1.0], "rank": [115.73998260498047, 115.73998260498047], "dist": [30.558940887451172]}, "11": {"entropy": [3.9853930473327637], "kti": [1.0], "rank": [114.47981262207031, 114.47981262207031], "dist": [52.07194137573242]}, "12": {"entropy": [3.8527438640594482], "kti": [1.0], "rank": [114.61078643798828, 114.61078643798828], "dist": [51.29020690917969]}, "13": {"entropy": [3.8450942039489746], "kti": [1.0], "rank": [114.98931884765625, 114.98931884765625], "dist": [60.1793327331543]}, "14": {"entropy": [3.973444938659668], "kti": [1.0], "rank": [114.96337890625, 114.96337890625], "dist": [64.89847564697266]}, "15": {"entropy": [3.8604140281677246], "kti": [1.0], "rank": [115.70880126953125, 115.70880126953125], "dist": [62.52642822265625]}, "16": {"entropy": [3.6590576171875], "kti": [1.0], "rank": [117.85981750488281, 117.85981750488281], "dist": [72.31239318847656]}, "17": {"entropy": [3.716526746749878], "kti": [1.0], "rank": [117.77645111083984, 117.77645111083984], "dist": [60.57439422607422]}, "18": {"entropy": [3.7363734245300293], "kti": [1.0], "rank": [117.39765167236328, 117.39765167236328], "dist": [71.33025360107422]}, "19": {"entropy": [3.873298168182373], "kti": [1.0], "rank": [117.03657531738281, 117.03657531738281], "dist": [63.19375228881836]}, "20": {"entropy": [3.766138792037964], "kti": [1.0], "rank": [116.45195007324219, 116.45195007324219], "dist": [68.42453002929688]}, "21": {"entropy": [3.974141836166382], "kti": [1.0], "rank": [115.7840347290039, 115.7840347290039], "dist": [60.33970260620117]}, "22": {"entropy": [4.252673625946045], "kti": [1.0], "rank": [115.19979095458984, 115.19979095458984], "dist": [60.37217330932617]}, "23": {"entropy": [3.9502055644989014], "kti": [1.0], "rank": [114.1678237915039, 114.1678237915039], "dist": [62.61600875854492]}, "24": {"entropy": [4.180622100830078], "kti": [1.0], "rank": [112.96461486816406, 112.96461486816406], "dist": [62.08409881591797]}, "25": {"entropy": [3.7915103435516357], "kti": [1.0], "rank": [111.31682586669922, 111.31682586669922], "dist": [65.8978500366211]}, "26": {"entropy": [4.047631740570068], "kti": [1.0], "rank": [109.0683364868164, 109.0683364868164], "dist": [66.91317749023438]}, "27": {"entropy": [3.9548861980438232], "kti": [1.0], "rank": [106.1570816040039, 106.1570816040039], "dist": [63.93785095214844]}, "28": {"entropy": [3.980097532272339], "kti": [1.0], "rank": [102.70185852050781, 102.70185852050781], "dist": [66.88490295410156]}, "29": {"entropy": [3.819570302963257], "kti": [1.0], "rank": [97.91046905517578, 97.91046905517578], "dist": [65.09822082519531]}, "30": {"entropy": [4.107479095458984], "kti": [1.0], "rank": [92.61754608154297, 92.61754608154297], "dist": [65.25303649902344]}, "31": {"entropy": [4.207961082458496], "kti": [1.0], "rank": [86.54700469970703, 86.54700469970703], "dist": [61.47172164916992]}}