{
    "0": {
        "entropy": {
            "mean": 4.581451892852783,
            "std": 0.06406648457050323
        },
        "kti": {
            "mean": 0.0008923386099468189,
            "std": 0.0004598512517034549
        },
        "erank": {
            "mean": 99.20151977539062,
            "std": 11.627941549072567
        },
        "dist": {
            "mean": 6.975161552429199,
            "std": 0.060961223530156136
        }
    },
    "1": {
        "entropy": {
            "mean": 4.326882839202881,
            "std": 0.11031371355056763
        },
        "kti": {
            "mean": 0.003038673255650792,
            "std": 0.001337391282480781
        },
        "erank": {
            "mean": 141.12102289199828,
            "std": 6.5695175484401025
        },
        "dist": {
            "mean": 6.151239585876465,
            "std": 0.14205270975548623
        }
    },
    "2": {
        "entropy": {
            "mean": 3.6779065132141113,
            "std": 0.018975721672177315
        },
        "kti": {
            "mean": 0.0016867494419784634,
            "std": 0.0006899633251050017
        },
        "erank": {
            "mean": 117.80895376205444,
            "std": 6.21855247630505
        },
        "dist": {
            "mean": 5.22222318649292,
            "std": 0.07552435078730876
        }
    },
    "3": {
        "entropy": {
            "mean": 3.4322400093078613,
            "std": 0.005959566682577133
        },
        "kti": {
            "mean": 0.002204083700598858,
            "std": 0.0009651760452926253
        },
        "erank": {
            "mean": 122.272536277771,
            "std": 3.6135263427043585
        },
        "dist": {
            "mean": 4.524024486541748,
            "std": 0.09090217039012526
        }
    },
    "4": {
        "entropy": {
            "mean": 3.854444980621338,
            "std": 0.017396239563822746
        },
        "kti": {
            "mean": 0.0022507921830765554,
            "std": 0.0010301762098271008
        },
        "erank": {
            "mean": 140.68624019622803,
            "std": 1.385495857464824
        },
        "dist": {
            "mean": 4.965986919403076,
            "std": 0.10396471046370266
        }
    },
    "5": {
        "entropy": {
            "mean": 3.0896668434143066,
            "std": 0.013765179552137852
        },
        "kti": {
            "mean": 0.003469038460025331,
            "std": 0.0016754745202108338
        },
        "erank": {
            "mean": 133.45382347106934,
            "std": 0.532762781740193
        },
        "dist": {
            "mean": 4.319928169250488,
            "std": 0.07834130365895944
        }
    },
    "6": {
        "entropy": {
            "mean": 2.933790922164917,
            "std": 0.012584767304360867
        },
        "kti": {
            "mean": 0.004439585006184643,
            "std": 0.001933790664249576
        },
        "erank": {
            "mean": 107.78999395370484,
            "std": 0.16016767077848185
        },
        "dist": {
            "mean": 3.9890185832977294,
            "std": 0.09194998610654208
        }
    },
    "7": {
        "entropy": {
            "mean": 2.738440990447998,
            "std": 0.04252379387617111
        },
        "kti": {
            "mean": 0.005700518021330936,
            "std": 0.002439083225
        },
        "erank": {
            "mean": 126.2578797340393,
            "std": 0.3537210276858681
        },
        "dist": {
            "mean": 3.091298294067383,
            "std": 0.1050649675604222
        }
    },
    "8": {
        "entropy": {
            "mean": 2.059086561203003,
            "std": 0.0031755489762872458
        },
        "kti": {
            "mean": 0.006183921576302964,
            "std": 0.0026867597828681283
        },
        "erank": {
            "mean": 133.6763418197632,
            "std": 0.6867801769622558
        },
        "dist": {
            "mean": 1.4908056735992432,
            "std": 0.009051313559716013
        }
    },
    "9": {
        "entropy": {
            "mean": 2.0276293754577637,
            "std": 0.00952761061489582
        },
        "kti": {
            "mean": 0.0033126592410553713,
            "std": 0.0014681687309498009
        },
        "erank": {
            "mean": 118.25672121047974,
            "std": 1.1564468772625942
        },
        "dist": {
            "mean": 1.5695110321044923,
            "std": 0.01989025870420249
        }
    },
    "10": {
        "entropy": {
            "mean": 1.7641212940216064,
            "std": 0.007471899036318064
        },
        "kti": {
            "mean": 0.005923680712294299,
            "std": 0.0026387825187445028
        },
        "erank": {
            "mean": 121.26802082061768,
            "std": 1.8261308388111477
        },
        "dist": {
            "mean": 1.371505355834961,
            "std": 0.030146803453349504
        }
    },
    "11": {
        "entropy": {
            "mean": 2.202798843383789,
            "std": 0.026491861790418625
        },
        "kti": {
            "mean": 0.0048315137384634,
            "std": 0.0022986007320959603
        },
        "erank": {
            "mean": 146.37987537384032,
            "std": 1.4860627094712708
        },
        "dist": {
            "mean": 1.5033599376678466,
            "std": 0.0035010355931303578
        }
    },
    "12": {
        "entropy": {
            "mean": 2.2492520809173584,
            "std": 0.034867774695158005
        },
        "kti": {
            "mean": 0.004733458595728735,
            "std": 0.0020813303384036247
        },
        "erank": {
            "mean": 141.87900886535644,
            "std": 1.552322817085701
        },
        "dist": {
            "mean": 1.60159113407135,
            "std": 0.003908882765976337
        }
    },
    "13": {
        "entropy": {
            "mean": 2.450962781906128,
            "std": 0.02439866214990616
        },
        "kti": {
            "mean": 0.0035004229401238264,
            "std": 0.0016986956934724941
        },
        "erank": {
            "mean": 145.22755107879638,
            "std": 1.2827957852899035
        },
        "dist": {
            "mean": 1.7149855136871337,
            "std": 0.0076104226848769186
        }
    },
    "14": {
        "entropy": {
            "mean": 2.4909274578094482,
            "std": 0.025920763611793518
        },
        "kti": {
            "mean": 0.003116718393721385,
            "std": 0.0015086897479536837
        },
        "erank": {
            "mean": 144.0566776275635,
            "std": 1.3685032698611512
        },
        "dist": {
            "mean": 1.7622119188308716,
            "std": 0.004777868182904539
        }
    },
    "15": {
        "entropy": {
            "mean": 2.4335122108459473,
            "std": 0.03151792287826538
        },
        "kti": {
            "mean": 0.003069511595822405,
            "std": 0.0015152687437548044
        },
        "erank": {
            "mean": 137.76157493591307,
            "std": 1.636295806596286
        },
        "dist": {
            "mean": 1.7623749017715453,
            "std": 0.00989666930025595
        }
    },
    "16": {
        "entropy": {
            "mean": 2.5294582843780518,
            "std": 0.032185789197683334
        },
        "kti": {
            "mean": 0.0027999293079119525,
            "std": 0.0014189892551516722
        },
        "erank": {
            "mean": 144.96859893798828,
            "std": 1.1678708017663888
        },
        "dist": {
            "mean": 1.8138484239578248,
            "std": 0.006931687524018006
        }
    },
    "17": {
        "entropy": {
            "mean": 2.4330127239227295,
            "std": 0.030514897778630257
        },
        "kti": {
            "mean": 0.002956120356975589,
            "std": 0.0014350149405138008
        },