{"0": {"entropy": [3.188356637954712], "kti": [1.0], "rank": [180.10458374023438, 180.10458374023438], "dist": [4.237016677856445]}, "1": {"entropy": [3.1988396644592285], "kti": [1.0], "rank": [177.28628540039062, 177.28628540039062], "dist": [4.199575901031494]}, "2": {"entropy": [3.192709445953369], "kti": [1.0], "rank": [175.3701934814453, 175.3701934814453], "dist": [4.23465633392334]}, "3": {"entropy": [3.196584463119507], "kti": [1.0], "rank": [173.77304077148438, 173.77304077148438], "dist": [4.220064163208008]}, "4": {"entropy": [3.2070794105529785], "kti": [1.0], "rank": [172.2445526123047, 172.2445526123047], "dist": [4.232548713684082]}, "5": {"entropy": [3.1753249168395996], "kti": [1.0], "rank": [170.8762664794922, 170.8762664794922], "dist": [4.2152099609375]}, "6": {"entropy": [0.6983982920646667], "kti": [1.0], "rank": [169.21649169921875, 169.21649169921875], "dist": [0.0]}, "7": {"entropy": [0.6999713182449341], "kti": [1.0], "rank": [168.02735900878906, 168.02735900878906], "dist": [0.0]}, "8": {"entropy": [0.7000540494918823], "kti": [1.0], "rank": [167.06866455078125, 167.06866455078125], "dist": [0.0]}, "9": {"entropy": [0.6986441612243652], "kti": [1.0], "rank": [166.2119903564453, 166.2119903564453], "dist": [0.0]}, "10": {"entropy": [0.6997601985931396], "kti": [1.0], "rank": [165.02976989746094, 165.02976989746094], "dist": [0.0]}, "11": {"entropy": [0.701131284236908], "kti": [1.0], "rank": [164.1127166748047, 164.1127166748047], "dist": [0.0]}}