{"0": {"entropy": [3.1317062377929688], "kti": [1.0], "rank": [132.96510314941406, 132.96510314941406], "dist": [3.9048080444335938]}, "1": {"entropy": [2.108957052230835], "kti": [1.0], "rank": [118.5615463256836, 118.5615463256836], "dist": [2.5552916526794434]}, "2": {"entropy": [2.8416643142700195], "kti": [1.0], "rank": [113.0463638305664, 113.0463638305664], "dist": [3.184741497039795]}, "3": {"entropy": [2.4806039333343506], "kti": [1.0], "rank": [110.30349731445312, 110.30349731445312], "dist": [2.5658693313598633]}, "4": {"entropy": [2.6927404403686523], "kti": [1.0], "rank": [105.6752700805664, 105.6752700805664], "dist": [2.9599967002868652]}, "5": {"entropy": [2.27860951423645], "kti": [1.0], "rank": [100.27350616455078, 100.27350616455078], "dist": [2.8265225887298584]}, "6": {"entropy": [3.958143679483328e-06], "kti": [1.0], "rank": [93.18740844726562, 93.18740844726562], "dist": [0.0]}, "7": {"entropy": [3.958143679483328e-06], "kti": [1.0], "rank": [91.74801635742188, 91.74801635742188], "dist": [0.0]}, "8": {"entropy": [3.958143679483328e-06], "kti": [1.0], "rank": [95.38610076904297, 95.38610076904297], "dist": [0.0]}, "9": {"entropy": [3.958143679483328e-06], "kti": [1.0], "rank": [98.816162109375, 98.816162109375], "dist": [0.0]}, "10": {"entropy": [3.958143679483328e-06], "kti": [1.0], "rank": [99.30870056152344, 99.30870056152344], "dist": [0.0]}, "11": {"entropy": [3.958143679483328e-06], "kti": [1.0], "rank": [95.85829162597656, 95.85829162597656], "dist": [0.0]}, "12": {"entropy": [4.611830234527588], "kti": [1.0], "rank": [95.19847869873047, 95.19847869873047], "dist": [6.9704132080078125]}, "13": {"entropy": [4.772311210632324], "kti": [1.0], "rank": [95.5755386352539, 95.5755386352539], "dist": [7.485772609710693]}, "14": {"entropy": [4.848426818847656], "kti": [1.0], "rank": [94.93170928955078, 94.93170928955078], "dist": [7.748115062713623]}, "15": {"entropy": [4.834487438201904], "kti": [1.0], "rank": [96.75537872314453, 96.75537872314453], "dist": [7.441855430603027]}, "16": {"entropy": [4.961230754852295], "kti": [1.0], "rank": [100.1063003540039, 100.1063003540039], "dist": [7.771121025085449]}, "17": {"entropy": [4.4114580154418945], "kti": [1.0], "rank": [100.59044647216797, 100.59044647216797], "dist": [7.226018905639648]}, "18": {"entropy": [4.739923477172852], "kti": [1.0], "rank": [100.78124237060547, 100.78124237060547], "dist": [7.619950294494629]}, "19": {"entropy": [4.638729572296143], "kti": [1.0], "rank": [100.45757293701172, 100.45757293701172], "dist": [7.328641414642334]}, "20": {"entropy": [4.717223167419434], "kti": [1.0], "rank": [100.1611557006836, 100.1611557006836], "dist": [7.5424299240112305]}, "21": {"entropy": [4.64813232421875], "kti": [1.0], "rank": [99.64924621582031, 99.64924621582031], "dist": [7.10600471496582]}, "22": {"entropy": [4.670867919921875], "kti": [1.0], "rank": [99.33020782470703, 99.33020782470703], "dist": [7.197211742401123]}, "23": {"entropy": [4.476061820983887], "kti": [1.0], "rank": [97.99748229980469, 97.99748229980469], "dist": [7.46948766708374]}, "24": {"entropy": [4.53654146194458], "kti": [1.0], "rank": [96.18731689453125, 96.18731689453125], "dist": [7.55039119720459]}, "25": {"entropy": [4.542409420013428], "kti": [1.0], "rank": [93.9478530883789, 93.9478530883789], "dist": [7.689121246337891]}, "26": {"entropy": [4.487267971038818], "kti": [1.0], "rank": [91.6219253540039, 91.6219253540039], "dist": [7.804854393005371]}, "27": {"entropy": [4.475276470184326], "kti": [1.0], "rank": [88.11917877197266, 88.11917877197266], "dist": [7.7917799949646]}, "28": {"entropy": [4.556676387786865], "kti": [1.0], "rank": [84.62208557128906, 84.62208557128906], "dist": [7.795986175537109]}, "29": {"entropy": [4.35467004776001], "kti": [1.0], "rank": [78.79190826416016, 78.79190826416016], "dist": [7.953999996185303]}, "30": {"entropy": [4.549806594848633], "kti": [1.0], "rank": [74.1319580078125, 74.1319580078125], "dist": [7.880500316619873]}, "31": {"entropy": [4.440512657165527], "kti": [1.0], "rank": [68.88162994384766, 68.88162994384766], "dist": [8.048141479492188]}}