{"0": {"entropy": [5.236009120941162], "kti": [1.0], "rank": [181.08621215820312, 181.08621215820312], "dist": [7.28200626373291]}, "1": {"entropy": [5.237113952636719], "kti": [1.0], "rank": [178.75634765625, 178.75634765625], "dist": [7.27928352355957]}, "2": {"entropy": [5.238480091094971], "kti": [1.0], "rank": [176.8580322265625, 176.8580322265625], "dist": [7.278106689453125]}, "3": {"entropy": [5.240710735321045], "kti": [1.0], "rank": [175.53761291503906, 175.53761291503906], "dist": [7.280980110168457]}, "4": {"entropy": [5.2408223152160645], "kti": [1.0], "rank": [174.17140197753906, 174.17140197753906], "dist": [7.280572414398193]}, "5": {"entropy": [5.242816925048828], "kti": [1.0], "rank": [172.77413940429688, 172.77413940429688], "dist": [7.2761077880859375]}, "6": {"entropy": [5.243802547454834], "kti": [1.0], "rank": [171.61721801757812, 171.61721801757812], "dist": [7.279598236083984]}, "7": {"entropy": [5.244700908660889], "kti": [1.0], "rank": [170.6173553466797, 170.6173553466797], "dist": [7.281212329864502]}, "8": {"entropy": [5.24501895904541], "kti": [1.0], "rank": [169.63052368164062, 169.63052368164062], "dist": [7.285865306854248]}, "9": {"entropy": [5.244447231292725], "kti": [1.0], "rank": [168.87954711914062, 168.87954711914062], "dist": [7.286080360412598]}, "10": {"entropy": [5.24655294418335], "kti": [1.0], "rank": [167.85134887695312, 167.85134887695312], "dist": [7.282448768615723]}, "11": {"entropy": [5.246451377868652], "kti": [1.0], "rank": [167.2064666748047, 167.2064666748047], "dist": [7.283123970031738]}}