{"0": {"entropy": [3.145237684249878], "kti": [1.0], "rank": [134.5064697265625, 134.5064697265625], "dist": [3.878600597381592]}, "1": {"entropy": [2.0897092819213867], "kti": [1.0], "rank": [120.25938415527344, 120.25938415527344], "dist": [2.5386104583740234]}, "2": {"entropy": [2.840731620788574], "kti": [1.0], "rank": [114.58576202392578, 114.58576202392578], "dist": [3.1783902645111084]}, "3": {"entropy": [2.4606449604034424], "kti": [1.0], "rank": [111.2260971069336, 111.2260971069336], "dist": [2.5342302322387695]}, "4": {"entropy": [2.6803576946258545], "kti": [1.0], "rank": [106.70767211914062, 106.70767211914062], "dist": [2.9435462951660156]}, "5": {"entropy": [2.265571117401123], "kti": [1.0], "rank": [101.24031066894531, 101.24031066894531], "dist": [2.802823781967163]}, "6": {"entropy": [2.0274057388305664], "kti": [1.0], "rank": [95.4192123413086, 95.4192123413086], "dist": [2.3207640647888184]}, "7": {"entropy": [2.088587760925293], "kti": [1.0], "rank": [93.99091339111328, 93.99091339111328], "dist": [2.1067867279052734]}, "8": {"entropy": [2.4500784873962402], "kti": [1.0], "rank": [97.1488037109375, 97.1488037109375], "dist": [2.666503429412842]}, "9": {"entropy": [2.836756467819214], "kti": [1.0], "rank": [100.60176086425781, 100.60176086425781], "dist": [3.2207655906677246]}, "10": {"entropy": [2.3862457275390625], "kti": [1.0], "rank": [102.95525360107422, 102.95525360107422], "dist": [2.7022979259490967]}, "11": {"entropy": [2.811717987060547], "kti": [1.0], "rank": [99.6793212890625, 99.6793212890625], "dist": [3.3701210021972656]}, "12": {"entropy": [4.42763614654541], "kti": [1.0], "rank": [99.11932373046875, 99.11932373046875], "dist": [6.842984676361084]}, "13": {"entropy": [4.618636131286621], "kti": [1.0], "rank": [99.06494140625, 99.06494140625], "dist": [7.430152893066406]}, "14": {"entropy": [4.690157890319824], "kti": [1.0], "rank": [97.8875961303711, 97.8875961303711], "dist": [7.817534446716309]}, "15": {"entropy": [4.665302276611328], "kti": [1.0], "rank": [99.31239318847656, 99.31239318847656], "dist": [7.511138916015625]}, "16": {"entropy": [4.831186294555664], "kti": [1.0], "rank": [102.63078308105469, 102.63078308105469], "dist": [7.904202938079834]}, "17": {"entropy": [4.222352981567383], "kti": [1.0], "rank": [102.86840057373047, 102.86840057373047], "dist": [7.372823238372803]}, "18": {"entropy": [4.629772663116455], "kti": [1.0], "rank": [102.8745346069336, 102.8745346069336], "dist": [7.704826354980469]}, "19": {"entropy": [4.541582107543945], "kti": [1.0], "rank": [102.60953521728516, 102.60953521728516], "dist": [7.381867408752441]}, "20": {"entropy": [4.5970611572265625], "kti": [1.0], "rank": [102.4070816040039, 102.4070816040039], "dist": [7.606527328491211]}, "21": {"entropy": [4.531828880310059], "kti": [1.0], "rank": [102.00082397460938, 102.00082397460938], "dist": [7.143449783325195]}, "22": {"entropy": [4.595688819885254], "kti": [1.0], "rank": [101.60345458984375, 101.60345458984375], "dist": [7.219367504119873]}, "23": {"entropy": [4.37856912612915], "kti": [1.0], "rank": [100.31334686279297, 100.31334686279297], "dist": [7.473111629486084]}, "24": {"entropy": [4.48118782043457], "kti": [1.0], "rank": [98.49388122558594, 98.49388122558594], "dist": [7.495162010192871]}, "25": {"entropy": [4.435214042663574], "kti": [1.0], "rank": [96.15727996826172, 96.15727996826172], "dist": [7.7066168785095215]}, "26": {"entropy": [4.3983683586120605], "kti": [1.0], "rank": [93.89213562011719, 93.89213562011719], "dist": [7.881127834320068]}, "27": {"entropy": [4.377150535583496], "kti": [1.0], "rank": [90.3254165649414, 90.3254165649414], "dist": [7.840282440185547]}, "28": {"entropy": [4.469799995422363], "kti": [1.0], "rank": [86.35894012451172, 86.35894012451172], "dist": [7.773732662200928]}, "29": {"entropy": [4.307578086853027], "kti": [1.0], "rank": [79.99981689453125, 79.99981689453125], "dist": [7.893887996673584]}, "30": {"entropy": [4.509150505065918], "kti": [1.0], "rank": [74.37265014648438, 74.37265014648438], "dist": [7.829181671142578]}, "31": {"entropy": [4.4506025314331055], "kti": [1.0], "rank": [68.31368255615234, 68.31368255615234], "dist": [7.992467403411865]}}