{"0": {"entropy": [3.177635669708252], "kti": [0.0], "rank": [179.92013549804688, 179.92013549804688], "dist": [4.208708763122559]}, "1": {"entropy": [3.1946523189544678], "kti": [0.0], "rank": [177.06983947753906, 177.06983947753906], "dist": [4.209056377410889]}, "2": {"entropy": [3.1934988498687744], "kti": [0.0], "rank": [174.71839904785156, 174.71839904785156], "dist": [4.209012031555176]}, "3": {"entropy": [3.2006046772003174], "kti": [0.0], "rank": [172.9525909423828, 172.9525909423828], "dist": [4.208017349243164]}, "4": {"entropy": [3.1854872703552246], "kti": [0.0], "rank": [171.34664916992188, 171.34664916992188], "dist": [4.218317031860352]}, "5": {"entropy": [3.2218258380889893], "kti": [0.0], "rank": [170.12057495117188, 170.12057495117188], "dist": [4.226369380950928]}, "6": {"entropy": [3.2037060260772705], "kti": [0.0], "rank": [168.38165283203125, 168.38165283203125], "dist": [4.207702159881592]}, "7": {"entropy": [3.2092156410217285], "kti": [0.0], "rank": [167.6206817626953, 167.6206817626953], "dist": [4.207154273986816]}, "8": {"entropy": [3.181649923324585], "kti": [0.0], "rank": [166.71524047851562, 166.71524047851562], "dist": [4.2136969566345215]}, "9": {"entropy": [3.1813666820526123], "kti": [0.0], "rank": [165.7199249267578, 165.7199249267578], "dist": [4.215422630310059]}, "10": {"entropy": [3.176224946975708], "kti": [0.0], "rank": [164.7584991455078, 164.7584991455078], "dist": [4.220729827880859]}, "11": {"entropy": [3.1483922004699707], "kti": [0.0], "rank": [164.2928009033203, 164.2928009033203], "dist": [4.206820011138916]}}