{"0": {"entropy": [5.257256031036377], "kti": [1.0], "rank": [12.110957145690918, 12.110957145690918], "dist": [63.999351501464844]}, "1": {"entropy": [5.257387161254883], "kti": [1.0], "rank": [5.572792053222656, 5.572792053222656], "dist": [63.997764587402344]}, "2": {"entropy": [5.257441520690918], "kti": [1.0], "rank": [3.9455020427703857, 3.9455020427703857], "dist": [64.00172424316406]}, "3": {"entropy": [5.257465362548828], "kti": [1.0], "rank": [3.289245367050171, 3.289245367050171], "dist": [63.99958419799805]}, "4": {"entropy": [5.257476329803467], "kti": [1.0], "rank": [2.917672634124756, 2.917672634124756], "dist": [63.9970817565918]}, "5": {"entropy": [5.257481098175049], "kti": [1.0], "rank": [2.6700327396392822, 2.6700327396392822], "dist": [63.998512268066406]}, "6": {"entropy": [5.257468223571777], "kti": [1.0], "rank": [2.4961235523223877, 2.4961235523223877], "dist": [63.998321533203125]}, "7": {"entropy": [5.25748348236084], "kti": [1.0], "rank": [2.372809886932373, 2.372809886932373], "dist": [63.99924850463867]}, "8": {"entropy": [5.257475852966309], "kti": [1.0], "rank": [2.283017873764038, 2.283017873764038], "dist": [63.99565887451172]}, "9": {"entropy": [5.257477283477783], "kti": [1.0], "rank": [2.2134552001953125, 2.2134552001953125], "dist": [63.996002197265625]}, "10": {"entropy": [5.257479667663574], "kti": [1.0], "rank": [2.1578173637390137, 2.1578173637390137], "dist": [64.0009765625]}, "11": {"entropy": [5.257476806640625], "kti": [1.0], "rank": [2.1142685413360596, 2.1142685413360596], "dist": [63.99922180175781]}, "12": {"entropy": [5.257477760314941], "kti": [1.0], "rank": [2.0807902812957764, 2.0807902812957764], "dist": [63.998687744140625]}, "13": {"entropy": [5.257471084594727], "kti": [1.0], "rank": [2.051914930343628, 2.051914930343628], "dist": [63.99855041503906]}, "14": {"entropy": [5.25746488571167], "kti": [1.0], "rank": [2.019773244857788, 2.019773244857788], "dist": [63.9984245300293]}, "15": {"entropy": [5.257466793060303], "kti": [1.0], "rank": [1.9854626655578613, 1.9854626655578613], "dist": [63.99886703491211]}, "16": {"entropy": [5.2574615478515625], "kti": [1.0], "rank": [1.9530590772628784, 1.9530590772628784], "dist": [63.999420166015625]}, "17": {"entropy": [5.257482051849365], "kti": [1.0], "rank": [1.923842430114746, 1.923842430114746], "dist": [63.99827194213867]}, "18": {"entropy": [5.257480144500732], "kti": [1.0], "rank": [1.896960973739624, 1.896960973739624], "dist": [64.00093078613281]}, "19": {"entropy": [5.25748348236084], "kti": [1.0], "rank": [1.873131275177002, 1.873131275177002], "dist": [63.99738693237305]}, "20": {"entropy": [5.257483005523682], "kti": [1.0], "rank": [1.8521689176559448, 1.8521689176559448], "dist": [63.9976806640625]}, "21": {"entropy": [5.2574872970581055], "kti": [1.0], "rank": [1.833426594734192, 1.833426594734192], "dist": [63.99843978881836]}, "22": {"entropy": [5.257489204406738], "kti": [1.0], "rank": [1.8133996725082397, 1.8133996725082397], "dist": [63.99726486206055]}, "23": {"entropy": [5.2574896812438965], "kti": [1.0], "rank": [1.801904559135437, 1.801904559135437], "dist": [63.997581481933594]}, "24": {"entropy": [5.257490158081055], "kti": [1.0], "rank": [1.787527084350586, 1.787527084350586], "dist": [63.997337341308594]}, "25": {"entropy": [5.257489204406738], "kti": [1.0], "rank": [1.7751230001449585, 1.7751230001449585], "dist": [63.998435974121094]}, "26": {"entropy": [5.2574920654296875], "kti": [1.0], "rank": [1.7663434743881226, 1.7663434743881226], "dist": [63.99836730957031]}, "27": {"entropy": [5.257491588592529], "kti": [1.0], "rank": [1.7602803707122803, 1.7602803707122803], "dist": [63.998443603515625]}, "28": {"entropy": [5.2574920654296875], "kti": [1.0], "rank": [1.753936767578125, 1.753936767578125], "dist": [63.99891662597656]}, "29": {"entropy": [5.257492542266846], "kti": [1.0], "rank": [1.7469961643218994, 1.7469961643218994], "dist": [64.00004577636719]}, "30": {"entropy": [5.257493019104004], "kti": [1.0], "rank": [1.74005126953125, 1.74005126953125], "dist": [63.99830627441406]}, "31": {"entropy": [5.257493495941162], "kti": [1.0], "rank": [1.7335788011550903, 1.7335788011550903], "dist": [63.998779296875]}}