{"0": {"entropy": [5.2364277839660645], "kti": [1.0], "rank": [180.99520874023438, 180.99520874023438], "dist": [7.27904748916626]}, "1": {"entropy": [5.238386631011963], "kti": [1.0], "rank": [179.24176025390625, 179.24176025390625], "dist": [7.276712417602539]}, "2": {"entropy": [5.2387895584106445], "kti": [1.0], "rank": [177.67752075195312, 177.67752075195312], "dist": [7.2837138175964355]}, "3": {"entropy": [5.239292144775391], "kti": [1.0], "rank": [176.27784729003906, 176.27784729003906], "dist": [7.283418655395508]}, "4": {"entropy": [5.240622043609619], "kti": [1.0], "rank": [175.0235137939453, 175.0235137939453], "dist": [7.278914928436279]}, "5": {"entropy": [5.241586685180664], "kti": [1.0], "rank": [173.7404022216797, 173.7404022216797], "dist": [7.28530740737915]}, "6": {"entropy": [5.2422285079956055], "kti": [1.0], "rank": [172.63003540039062, 172.63003540039062], "dist": [7.281763076782227]}, "7": {"entropy": [5.242988586425781], "kti": [1.0], "rank": [171.77212524414062, 171.77212524414062], "dist": [7.2825751304626465]}, "8": {"entropy": [5.243801116943359], "kti": [1.0], "rank": [171.1412811279297, 171.1412811279297], "dist": [7.275956630706787]}, "9": {"entropy": [5.244378566741943], "kti": [1.0], "rank": [170.30044555664062, 170.30044555664062], "dist": [7.281187534332275]}, "10": {"entropy": [5.245225429534912], "kti": [1.0], "rank": [169.6457977294922, 169.6457977294922], "dist": [7.278585910797119]}, "11": {"entropy": [5.245405673980713], "kti": [1.0], "rank": [169.1048583984375, 169.1048583984375], "dist": [7.278655529022217]}}