{
    "0": {
        "entropy": {
            "mean": 4.581451892852783,
            "std": 0.06406648457050323
        },
        "kti": {
            "mean": 0.0008923386099468189,
            "std": 0.0004598512517034549
        },
        "erank": {
            "mean": 99.20151977539062,
            "std": 11.627941549072567
        },
        "dist": {
            "mean": 6.975161552429199,
            "std": 0.060961223530156136
        }
    },
    "1": {
        "entropy": {
            "mean": 4.326882839202881,
            "std": 0.11031371355056763
        },
        "kti": {
            "mean": 0.003038673255650792,
            "std": 0.001337391282480781
        },
        "erank": {
            "mean": 141.12102289199828,
            "std": 6.5695175484401025
        },
        "dist": {
            "mean": 6.151239585876465,
            "std": 0.14205270975548623
        }
    },
    "2": {
        "entropy": {
            "mean": 3.6779065132141113,
            "std": 0.018975721672177315
        },
        "kti": {
            "mean": 0.0016867494419784634,
            "std": 0.0006899633251050017
        },
        "erank": {
            "mean": 117.80895376205444,
            "std": 6.21855247630505
        },
        "dist": {
            "mean": 5.22222318649292,
            "std": 0.07552435078730876
        }
    },
    "3": {
        "entropy": {
            "mean": 3.4322400093078613,
            "std": 0.005959566682577133
        },
        "kti": {
            "mean": 0.002204083700598858,
            "std": 0.0009651760452926253
        },
        "erank": {
            "mean": 122.272536277771,
            "std": 3.6135263427043585
        },
        "dist": {
            "mean": 4.524024486541748,
            "std": 0.09090217039012526
        }
    },
    "4": {
        "entropy": {
            "mean": 3.854444980621338,
            "std": 0.017396239563822746
        },
        "kti": {
            "mean": 0.0022507921830765554,
            "std": 0.0010301762098271008
        },
        "erank": {
            "mean": 140.68624019622803,
            "std": 1.385495857464824
        },
        "dist": {
            "mean": 4.965986919403076,
            "std": 0.10396471046370266
        }
    },
    "5": {
        "entropy": {
            "mean": 3.0896668434143066,
            "std": 0.013765179552137852
        },
        "kti": {
            "mean": 0.003469038460025331,
            "std": 0.0016754745202108338
        },
        "erank": {
            "mean": 133.45382347106934,
            "std": 0.532762781740193
        },
        "dist": {
            "mean": 4.319928169250488,
            "std": 0.07834130365895944
        }
    },
    "6": {
        "entropy": {
            "mean": 2.933790922164917,
            "std": 0.012584767304360867
        },
        "kti": {
            "mean": 0.004439585006184643,
            "std": 0.001933790664249576
        },
        "erank": {
            "mean": 107.78999395370484,
            "std": 0.16016767077848185
        },
        "dist": {
            "mean": 3.9890185832977294,
            "std": 0.09194998610654208
        }
    },
    "7": {
        "entropy": {
            "mean": 2.738440990447998,
            "std": 0.04252379387617111
        },
        "kti": {
            "mean": 0.005700518021330936,
            "std": 0.002439083225
        },
        "erank": {
            "mean": 126.2578797340393,
            "std": 0.3537210276858681
        },
        "dist": {
            "mean": 3.091298294067383,
            "std": 0.1050649675604222
        }
    },
    "8": {
        "entropy": {
            "mean": 2.06056547164917,
            "std": 0.003082267940044403
        },
        "kti": {
            "mean": 0.0061836106819100674,
            "std": 0.0026866302306903394
        },
        "erank": {
            "mean": 133.6763418197632,
            "std": 0.6867801769622558
        },
        "dist": {
            "mean": 1.4918967008590698,
            "std": 0.009146389159690141
        }
    },
    "9": {
        "entropy": {
            "mean": 2.0288116931915283,
            "std": 0.009565041400492191
        },
        "kti": {
            "mean": 0.0033123728833743373,
            "std": 0.0014677959379502672
        },
        "erank": {
            "mean": 118.25573339462281,
            "std": 1.1564473108606055
        },
        "dist": {
            "mean": 1.5701614379882813,
            "std": 0.01991618515983771
        }
    },
    "10": {
        "entropy": {
            "mean": 1.7650731801986694,
            "std": 0.007414883468300104
        },
        "kti": {
            "mean": 0.005923511308355956,
            "std": 0.002638418064992121
        },
        "erank": {
            "mean": 121.26660099029542,
            "std": 1.8262771937684654
        },
        "dist": {
            "mean": 1.372078275680542,
            "std": 0.030195185819116434
        }
    },
    "11": {
        "entropy": {
            "mean": 2.2042295932769775,
            "std": 0.026455111801624298
        },
        "kti": {
            "mean": 0.004831262009247439,
            "std": 0.002298002403749637
        },
        "erank": {
            "mean": 146.378635597229,
            "std": 1.486163892378553
        },
        "dist": {
            "mean": 1.504219651222229,
            "std": 0.0035176766421124313
        }
    },
    "12": {
        "entropy": {
            "mean": 2.2519092559814453,
            "std": 0.034841589629650116
        },
        "kti": {
            "mean": 0.004732741736370371,
            "std": 0.002080764475677879
        },
        "erank": {
            "mean": 141.8772996902466,
            "std": 1.552530200496248
        },
        "dist": {
            "mean": 1.6035266876220704,
            "std": 0.004007154662281639
        }
    },
    "13": {
        "entropy": {
            "mean": 2.4533443450927734,
            "std": 0.024380838498473167
        },
        "kti": {
            "mean": 0.003499699876192608,
            "std": 0.0016980360204078729
        },
        "erank": {
            "mean": 145.2250068664551,
            "std": 1.2831077499237733
        },
        "dist": {
            "mean": 1.7165774583816529,
            "std": 0.0076371855345331845
        }
    },
    "14": {
        "entropy": {
            "mean": 2.493708848953247,
            "std": 0.025939879938960075
        },
        "kti": {
            "mean": 0.003116049005984678,
            "std": 0.0015080955394808058
        },
        "erank": {
            "mean": 144.05368328094482,
            "std": 1.3687087715308204
        },
        "dist": {
            "mean": 1.7640939474105835,
            "std": 0.004819312696973215
        }
    },
    "15": {
        "entropy": {
            "mean": 2.4370241165161133,
            "std": 0.031494226306676865
        },
        "kti": {
            "mean": 0.003068266543050413,
            "std": 0.001514603353242408
        },
        "erank": {
            "mean": 137.75792350769044,
            "std": 1.6365781095875254
        },
        "dist": {
            "mean": 1.7651398658752442,
            "std": 0.009969936458540874
        }
    },
    "16": {
        "entropy": {
            "mean": 2.5334179401397705,
            "std": 0.03221040219068527
        },
        "kti": {
            "mean": 0.002798933726626274,
            "std": 0.0014184205583149807
        },
        "erank": {
            "mean": 144.96550178527832,
            "std": 1.167861755046694
        },
        "dist": {
            "mean": 1.8170233726501466,
            "std": 0.0070253630644301355
        }
    },
    "17": {
        "entropy": {
            "mean": 2.4359867572784424,
            "std": 0.03035750240087509
        },
        "kti": {
            "mean": 0.00295505120557209,
            "std": 0.0014345707497243005
        },