{"0": {"entropy": [3.600818157196045], "kti": [1.0], "rank": [33.12254333496094, 33.12254333496094], "dist": [5.378788948059082]}, "1": {"entropy": [3.61820387840271], "kti": [1.0], "rank": [21.20947265625, 21.20947265625], "dist": [5.43038272857666]}, "2": {"entropy": [3.6169652938842773], "kti": [1.0], "rank": [13.412107467651367, 13.412107467651367], "dist": [5.30035400390625]}, "3": {"entropy": [0.7088120579719543], "kti": [1.0], "rank": [9.395115852355957, 9.395115852355957], "dist": [0.0]}, "4": {"entropy": [0.7100273370742798], "kti": [1.0], "rank": [7.345625877380371, 7.345625877380371], "dist": [0.0]}, "5": {"entropy": [0.7114882469177246], "kti": [1.0], "rank": [6.086997032165527, 6.086997032165527], "dist": [0.0]}}