{"0": {"entropy": [3.958143679483328e-06], "kti": [1.0], "rank": [140.9668731689453, 140.9668731689453], "dist": [0.0]}, "1": {"entropy": [3.958143679483328e-06], "kti": [1.0], "rank": [126.71094512939453, 126.71094512939453], "dist": [0.0]}, "2": {"entropy": [3.958143679483328e-06], "kti": [1.0], "rank": [114.5512924194336, 114.5512924194336], "dist": [0.0]}, "3": {"entropy": [3.958143679483328e-06], "kti": [1.0], "rank": [99.9231185913086, 99.9231185913086], "dist": [0.0]}, "4": {"entropy": [3.958143679483328e-06], "kti": [1.0], "rank": [94.7918930053711, 94.7918930053711], "dist": [0.0]}, "5": {"entropy": [3.958143679483328e-06], "kti": [1.0], "rank": [90.42711639404297, 90.42711639404297], "dist": [0.0]}, "6": {"entropy": [3.958143679483328e-06], "kti": [1.0], "rank": [82.68302154541016, 82.68302154541016], "dist": [0.0]}, "7": {"entropy": [3.958143679483328e-06], "kti": [1.0], "rank": [80.4662094116211, 80.4662094116211], "dist": [0.0]}, "8": {"entropy": [3.958143679483328e-06], "kti": [1.0], "rank": [83.75457000732422, 83.75457000732422], "dist": [0.0]}, "9": {"entropy": [3.958143679483328e-06], "kti": [1.0], "rank": [87.62596130371094, 87.62596130371094], "dist": [0.0]}, "10": {"entropy": [3.958143679483328e-06], "kti": [1.0], "rank": [88.82435607910156, 88.82435607910156], "dist": [0.0]}, "11": {"entropy": [3.958143679483328e-06], "kti": [1.0], "rank": [85.70805358886719, 85.70805358886719], "dist": [0.0]}, "12": {"entropy": [4.672194480895996], "kti": [1.0], "rank": [85.49996185302734, 85.49996185302734], "dist": [6.750688076019287]}, "13": {"entropy": [4.83194637298584], "kti": [1.0], "rank": [86.98199462890625, 86.98199462890625], "dist": [7.228187561035156]}, "14": {"entropy": [4.878122806549072], "kti": [1.0], "rank": [87.0108642578125, 87.0108642578125], "dist": [7.5225982666015625]}, "15": {"entropy": [4.824380397796631], "kti": [1.0], "rank": [89.6216049194336, 89.6216049194336], "dist": [7.223172664642334]}, "16": {"entropy": [4.955009460449219], "kti": [1.0], "rank": [93.26289367675781, 93.26289367675781], "dist": [7.681635856628418]}, "17": {"entropy": [4.406229019165039], "kti": [1.0], "rank": [93.39987182617188, 93.39987182617188], "dist": [6.939464569091797]}, "18": {"entropy": [4.713620662689209], "kti": [1.0], "rank": [93.79508209228516, 93.79508209228516], "dist": [7.50032377243042]}, "19": {"entropy": [4.667133808135986], "kti": [1.0], "rank": [93.74209594726562, 93.74209594726562], "dist": [7.0992021560668945]}, "20": {"entropy": [4.6704511642456055], "kti": [1.0], "rank": [93.61714935302734, 93.61714935302734], "dist": [7.414247512817383]}, "21": {"entropy": [4.613943099975586], "kti": [1.0], "rank": [93.35686492919922, 93.35686492919922], "dist": [6.844389915466309]}, "22": {"entropy": [4.691093444824219], "kti": [1.0], "rank": [93.11083221435547, 93.11083221435547], "dist": [6.833518028259277]}, "23": {"entropy": [4.442910671234131], "kti": [1.0], "rank": [91.94010162353516, 91.94010162353516], "dist": [7.195326805114746]}, "24": {"entropy": [4.616797924041748], "kti": [1.0], "rank": [90.39979553222656, 90.39979553222656], "dist": [7.184995174407959]}, "25": {"entropy": [4.524423599243164], "kti": [1.0], "rank": [88.51651000976562, 88.51651000976562], "dist": [7.523643493652344]}, "26": {"entropy": [4.488394737243652], "kti": [1.0], "rank": [86.59430694580078, 86.59430694580078], "dist": [7.718699932098389]}, "27": {"entropy": [4.43617057800293], "kti": [1.0], "rank": [83.83568572998047, 83.83568572998047], "dist": [7.697345733642578]}, "28": {"entropy": [4.426583766937256], "kti": [1.0], "rank": [80.74406433105469, 80.74406433105469], "dist": [7.764972686767578]}, "29": {"entropy": [4.25643253326416], "kti": [1.0], "rank": [75.59468841552734, 75.59468841552734], "dist": [7.920253753662109]}, "30": {"entropy": [4.533600807189941], "kti": [1.0], "rank": [71.42123413085938, 71.42123413085938], "dist": [7.755452632904053]}, "31": {"entropy": [4.447603225708008], "kti": [1.0], "rank": [66.82720947265625, 66.82720947265625], "dist": [7.857574462890625]}}