{"0": {"entropy": [3.1791486740112305], "kti": [0.0], "rank": [179.88279724121094, 179.88279724121094], "dist": [4.214346885681152]}, "1": {"entropy": [3.202169418334961], "kti": [0.0], "rank": [177.27943420410156, 177.27943420410156], "dist": [4.240530490875244]}, "2": {"entropy": [3.1952342987060547], "kti": [0.0], "rank": [174.90003967285156, 174.90003967285156], "dist": [4.2455830574035645]}, "3": {"entropy": [3.1898529529571533], "kti": [0.0], "rank": [172.7556915283203, 172.7556915283203], "dist": [4.232263088226318]}, "4": {"entropy": [3.21195125579834], "kti": [0.0], "rank": [171.0928955078125, 171.0928955078125], "dist": [4.244318008422852]}, "5": {"entropy": [3.1670353412628174], "kti": [0.0], "rank": [169.76824951171875, 169.76824951171875], "dist": [4.212695598602295]}, "6": {"entropy": [0.697353184223175], "kti": [0.0], "rank": [167.86712646484375, 167.86712646484375], "dist": [0.0]}, "7": {"entropy": [0.7000946998596191], "kti": [0.0], "rank": [166.52169799804688, 166.52169799804688], "dist": [0.0]}, "8": {"entropy": [0.6993992328643799], "kti": [0.0], "rank": [165.01292419433594, 165.01292419433594], "dist": [0.0]}, "9": {"entropy": [0.7010127305984497], "kti": [0.0], "rank": [164.17626953125, 164.17626953125], "dist": [0.0]}, "10": {"entropy": [0.7028295397758484], "kti": [0.0], "rank": [163.07382202148438, 163.07382202148438], "dist": [0.0]}, "11": {"entropy": [0.7007057070732117], "kti": [0.0], "rank": [162.4048309326172, 162.4048309326172], "dist": [0.0]}}