{"0": {"entropy": [0.6960738897323608], "kti": [1.0], "rank": [178.57164001464844, 178.57164001464844], "dist": [0.0]}, "1": {"entropy": [0.6950293183326721], "kti": [1.0], "rank": [175.0240936279297, 175.0240936279297], "dist": [0.0]}, "2": {"entropy": [0.6962922215461731], "kti": [1.0], "rank": [172.57110595703125, 172.57110595703125], "dist": [0.0]}, "3": {"entropy": [0.6979097127914429], "kti": [1.0], "rank": [170.45504760742188, 170.45504760742188], "dist": [0.0]}, "4": {"entropy": [0.6979467272758484], "kti": [1.0], "rank": [168.63870239257812, 168.63870239257812], "dist": [0.0]}, "5": {"entropy": [0.6995967030525208], "kti": [1.0], "rank": [167.34349060058594, 167.34349060058594], "dist": [0.0]}, "6": {"entropy": [0.7003061771392822], "kti": [1.0], "rank": [165.90635681152344, 165.90635681152344], "dist": [0.0]}, "7": {"entropy": [0.7011662125587463], "kti": [1.0], "rank": [164.6494903564453, 164.6494903564453], "dist": [0.0]}, "8": {"entropy": [0.6993584632873535], "kti": [1.0], "rank": [163.53466796875, 163.53466796875], "dist": [0.0]}, "9": {"entropy": [0.695237934589386], "kti": [1.0], "rank": [162.89297485351562, 162.89297485351562], "dist": [0.0]}, "10": {"entropy": [0.7013652920722961], "kti": [1.0], "rank": [161.69610595703125, 161.69610595703125], "dist": [0.0]}, "11": {"entropy": [0.6997625827789307], "kti": [1.0], "rank": [160.6826934814453, 160.6826934814453], "dist": [0.0]}}