{"0": {"entropy": [0.6928927898406982], "kti": [0.0], "rank": [178.72634887695312, 178.72634887695312], "dist": [0.0]}, "1": {"entropy": [0.6933925151824951], "kti": [0.0], "rank": [174.5928192138672, 174.5928192138672], "dist": [0.0]}, "2": {"entropy": [0.6946251392364502], "kti": [0.0], "rank": [171.88125610351562, 171.88125610351562], "dist": [0.0]}, "3": {"entropy": [0.698774516582489], "kti": [0.0], "rank": [170.26918029785156, 170.26918029785156], "dist": [0.0]}, "4": {"entropy": [0.6972301006317139], "kti": [0.0], "rank": [168.08250427246094, 168.08250427246094], "dist": [0.0]}, "5": {"entropy": [0.6990526914596558], "kti": [0.0], "rank": [166.64157104492188, 166.64157104492188], "dist": [0.0]}, "6": {"entropy": [0.698976457118988], "kti": [0.0], "rank": [165.2703399658203, 165.2703399658203], "dist": [0.0]}, "7": {"entropy": [0.6996062994003296], "kti": [0.0], "rank": [163.89501953125, 163.89501953125], "dist": [0.0]}, "8": {"entropy": [0.699733555316925], "kti": [0.0], "rank": [162.7382354736328, 162.7382354736328], "dist": [0.0]}, "9": {"entropy": [0.6998550295829773], "kti": [0.0], "rank": [161.974365234375, 161.974365234375], "dist": [0.0]}, "10": {"entropy": [0.6982895135879517], "kti": [0.0], "rank": [160.56924438476562, 160.56924438476562], "dist": [0.0]}, "11": {"entropy": [0.7002559304237366], "kti": [0.0], "rank": [159.7574920654297, 159.7574920654297], "dist": [0.0]}}