{"0": {"entropy": [5.236486911773682], "kti": [1.0], "rank": [181.06512451171875, 181.06512451171875], "dist": [7.28007173538208]}, "1": {"entropy": [5.237951278686523], "kti": [1.0], "rank": [179.3463134765625, 179.3463134765625], "dist": [7.282924175262451]}, "2": {"entropy": [5.238945484161377], "kti": [1.0], "rank": [177.54092407226562, 177.54092407226562], "dist": [7.281585216522217]}, "3": {"entropy": [5.240396976470947], "kti": [1.0], "rank": [176.18052673339844, 176.18052673339844], "dist": [7.279341697692871]}, "4": {"entropy": [5.240216255187988], "kti": [1.0], "rank": [175.17095947265625, 175.17095947265625], "dist": [7.286890029907227]}, "5": {"entropy": [5.241138935089111], "kti": [1.0], "rank": [174.14906311035156, 174.14906311035156], "dist": [7.279531002044678]}, "6": {"entropy": [5.242025375366211], "kti": [1.0], "rank": [173.0991973876953, 173.0991973876953], "dist": [7.280468463897705]}, "7": {"entropy": [5.243217468261719], "kti": [1.0], "rank": [172.16278076171875, 172.16278076171875], "dist": [7.27855920791626]}, "8": {"entropy": [5.243863105773926], "kti": [1.0], "rank": [171.3824462890625, 171.3824462890625], "dist": [7.27958345413208]}, "9": {"entropy": [5.2450971603393555], "kti": [1.0], "rank": [170.51437377929688, 170.51437377929688], "dist": [7.2840142250061035]}, "10": {"entropy": [5.245084285736084], "kti": [1.0], "rank": [169.77479553222656, 169.77479553222656], "dist": [7.280527591705322]}, "11": {"entropy": [5.245020866394043], "kti": [1.0], "rank": [168.97926330566406, 168.97926330566406], "dist": [7.279168605804443]}}