{"0": {"entropy": [3.595255136489868], "kti": [0.0], "rank": [33.94228744506836, 33.94228744506836], "dist": [5.370818138122559]}, "1": {"entropy": [3.616776704788208], "kti": [0.0], "rank": [21.995866775512695, 21.995866775512695], "dist": [5.414681434631348]}, "2": {"entropy": [3.618134021759033], "kti": [0.0], "rank": [13.849184036254883, 13.849184036254883], "dist": [5.2938737869262695]}, "3": {"entropy": [3.6286559104919434], "kti": [0.0], "rank": [9.648042678833008, 9.648042678833008], "dist": [5.303786277770996]}, "4": {"entropy": [3.6604855060577393], "kti": [0.0], "rank": [7.515650272369385, 7.515650272369385], "dist": [5.288880348205566]}, "5": {"entropy": [3.6440041065216064], "kti": [0.0], "rank": [6.210516929626465, 6.210516929626465], "dist": [5.287778377532959]}}