{"0": {"entropy": [4.417475700378418, 4.421569347381592], "kti": [0.019708314910531044, 0.01907801441848278], "rank": [111.44668579101562, 111.44668579101562, 110.8992919921875, 110.8992919921875], "dist": [61.5716667175293, 61.4845085144043]}, "1": {"entropy": [4.2553935050964355, 4.264555931091309], "kti": [0.07980043441057205, 0.07856365293264389], "rank": [113.81901550292969, 113.81901550292969, 113.38717651367188, 113.38717651367188], "dist": [53.056617736816406, 52.965965270996094]}, "2": {"entropy": [3.5732479095458984, 3.578608989715576], "kti": [0.030369579792022705, 0.030274825170636177], "rank": [113.5519790649414, 113.5519790649414, 113.43270874023438, 113.43270874023438], "dist": [44.46149826049805, 44.23213195800781]}, "3": {"entropy": [3.41505765914917, 3.422680616378784], "kti": [0.05013639107346535, 0.04992378130555153], "rank": [116.17231750488281, 116.17231750488281, 116.01835632324219, 116.01835632324219], "dist": [38.289764404296875, 38.28731918334961]}, "4": {"entropy": [3.778858184814453, 3.7881827354431152], "kti": [0.0585123635828495, 0.058219749480485916], "rank": [114.19401550292969, 114.19401550292969, 114.08037567138672, 114.08037567138672], "dist": [42.24420166015625, 42.323875427246094]}, "5": {"entropy": [2.976820945739746, 2.9807965755462646], "kti": [0.09732256084680557, 0.09695655107498169], "rank": [112.06964874267578, 112.06964874267578, 111.94926452636719, 111.94926452636719], "dist": [36.46660614013672, 36.51677322387695]}, "6": {"entropy": [2.795124053955078, 2.795703649520874], "kti": [0.13194173574447632, 0.13202744722366333], "rank": [108.42446899414062, 108.42446899414062, 108.32312774658203, 108.32312774658203], "dist": [32.25922393798828, 32.262081146240234]}, "7": {"entropy": [2.602170944213867, 2.6040596961975098], "kti": [0.171357199549675, 0.17115479707717896], "rank": [107.99995422363281, 107.99995422363281, 107.94136810302734, 107.94136810302734], "dist": [24.206138610839844, 24.207555770874023]}, "8": {"entropy": [3.03983211517334, 3.040518283843994], "kti": [0.15344339609146118, 0.15348322689533234], "rank": [107.37677764892578, 107.37677764892578, 107.3249740600586, 107.3249740600586], "dist": [31.780498504638672, 31.78854751586914]}, "9": {"entropy": [2.9001388549804688, 2.905722141265869], "kti": [0.05092497542500496, 0.050970450043678284], "rank": [108.53791046142578, 108.53791046142578, 108.43641662597656, 108.43641662597656], "dist": [30.037765502929688, 30.01190948486328]}, "10": {"entropy": [2.57427978515625, 2.5742340087890625], "kti": [0.13238723576068878, 0.13256655633449554], "rank": [110.4553451538086, 110.4553451538086, 110.40505981445312, 110.40505981445312], "dist": [28.12240219116211, 28.035614013671875]}, "11": {"entropy": [3.369225263595581, 3.376110553741455], "kti": [0.08287114650011063, 0.08263347297906876], "rank": [110.36568450927734, 110.36568450927734, 110.38994598388672, 110.38994598388672], "dist": [39.46595764160156, 39.40342330932617]}, "12": {"entropy": [3.440695285797119, 3.4434547424316406], "kti": [0.08899235725402832, 0.08892402052879333], "rank": [110.1905746459961, 110.1905746459961, 110.22383880615234, 110.22383880615234], "dist": [41.32191467285156, 41.2564697265625]}, "13": {"entropy": [3.7376747131347656, 3.737330436706543], "kti": [0.04129889979958534, 0.04145549237728119], "rank": [110.53295135498047, 110.53295135498047, 110.5924301147461, 110.5924301147461], "dist": [47.857295989990234, 47.653438568115234]}, "14": {"entropy": [3.787539005279541, 3.7875938415527344], "kti": [0.035589464008808136, 0.03591017797589302], "rank": [110.85255432128906, 110.85255432128906, 110.9129867553711, 110.9129867553711], "dist": [50.495567321777344, 50.31342697143555]}, "15": {"entropy": [3.686898946762085, 3.6802420616149902], "kti": [0.0303033497184515, 0.0305830929428339], "rank": [111.7335433959961, 111.7335433959961, 111.80731201171875, 111.80731201171875], "dist": [47.22968673706055, 47.135345458984375]}, "16": {"entropy": [3.910554885864258, 3.9038987159729004], "kti": [0.02439391054213047, 0.024826236069202423], "rank": [113.07778930664062, 113.07778930664062, 113.14364624023438, 113.14364624023438], "dist": [56.34313201904297, 56.2122917175293]}, "17": {"entropy": [3.6807398796081543, 3.676680088043213], "kti": [0.02962482161819935, 0.029905349016189575], "rank": [113.18724822998047, 113.18724822998047, 113.25160217285156, 113.25160217285156], "dist": [47.581260681152344, 47.635921478271484]}, "18": {"entropy": [3.9902102947235107, 3.986138343811035], "kti": [0.018920479342341423, 0.019249556586146355], "rank": [112.89305114746094, 112.89305114746094, 112.94845581054688, 112.94845581054688], "dist": [55.37590789794922, 55.374839782714844]}, "19": {"entropy": [3.8343005180358887, 3.8305487632751465], "kti": [0.027607986703515053, 0.027930742129683495], "rank": [112.12763977050781, 112.12763977050781, 112.17620086669922, 112.17620086669922], "dist": [49.777950286865234, 49.74706268310547]}, "20": {"entropy": [3.792365074157715, 3.789630651473999], "kti": [0.025924302637577057, 0.026399901136755943], "rank": [111.35037994384766, 111.35037994384766, 111.41098022460938, 111.41098022460938], "dist": [51.65979766845703, 51.63395309448242]}, "21": {"entropy": [3.798257827758789, 3.796746015548706], "kti": [0.025471948087215424, 0.025614067912101746], "rank": [108.58393096923828, 108.58393096923828, 108.63897705078125, 108.63897705078125], "dist": [50.4876708984375, 50.49180221557617]}, "22": {"entropy": [3.945089340209961, 3.9493255615234375], "kti": [0.019976936280727386, 0.019996052607893944], "rank": [105.44432830810547, 105.44432830810547, 105.50527954101562, 105.50527954101562], "dist": [50.80511474609375, 50.787933349609375]}, "23": {"entropy": [3.8497016429901123, 3.849278211593628], "kti": [0.019912004470825195, 0.020069094374775887], "rank": [100.83411407470703, 100.83411407470703, 100.90573120117188, 100.90573120117188], "dist": [52.883201599121094, 52.88137435913086]}, "24": {"entropy": [3.90252685546875, 3.901282787322998], "kti": [0.02477988414466381, 0.024885443970561028], "rank": [95.49627685546875, 95.49627685546875, 95.57271575927734, 95.57271575927734], "dist": [53.3066520690918, 53.2690544128418]}, "25": {"entropy": [3.944192886352539, 3.9437673091888428], "kti": [0.018555201590061188, 0.018540948629379272], "rank": [89.59011840820312, 89.59011840820312, 89.66336822509766, 89.66336822509766], "dist": [57.48297119140625, 57.438289642333984]}, "26": {"entropy": [4.179249286651611, 4.179585933685303], "kti": [0.014067217707633972, 0.014145736582577229], "rank": [82.7608871459961, 82.7608871459961, 82.81896209716797, 82.81896209716797], "dist": [58.20563507080078, 58.1749382019043]}, "27": {"entropy": [4.159708023071289, 4.160276412963867], "kti": [0.015995845198631287, 0.01591891050338745], "rank": [75.51493072509766, 75.51493072509766, 75.55689239501953, 75.55689239501953], "dist": [58.035736083984375, 58.00071334838867]}, "28": {"entropy": [4.20430326461792, 4.2053961753845215], "kti": [0.015787728130817413, 0.015739964321255684], "rank": [67.4832992553711, 67.4832992553711, 67.50788879394531, 67.50788879394531], "dist": [58.807125091552734, 58.811058044433594]}, "29": {"entropy": [4.254362106323242, 4.252141952514648], "kti": [0.015466601587831974, 0.015406441874802113], "rank": [60.209163665771484, 60.209163665771484, 60.21907043457031, 60.21907043457031], "dist": [58.616065979003906, 58.5869140625]}, "30": {"entropy": [4.377955913543701, 4.375720977783203], "kti": [0.013201712630689144, 0.013210880570113659], "rank": [54.113807678222656, 54.113807678222656, 54.11960983276367, 54.11960983276367], "dist": [57.968589782714844, 57.94912338256836]}, "31": {"entropy": [4.538010597229004, 4.540057182312012], "kti": [0.012739810161292553, 0.012708030641078949], "rank": [49.125732421875, 49.125732421875, 49.14152526855469, 49.14152526855469], "dist": [58.94784164428711, 58.93668746948242]}}